dim_1,dim_2,dim_3
13.49517689734138,-3.9119826952292627,-11.907977806942046
-12.177839209302249,8.707378043977414,-15.44523951106183
5.9694921740046,-12.018102237149769,14.674885697076206
3.6801897301652104,7.117526172292994,12.099284135319131
-10.001739179237696,-19.03900988285324,19.93970365336512
-16.647221397666392,-3.5957549021824953,2.1611444145270227
12.612175260960655,-8.793601752445262,-12.926041918005344
-12.084535952539577,-7.22605793249449,19.57317058918106
10.702494000619108,-16.38769704685924,-7.039467401911459
13.958157385758561,2.676593714265799,3.405835946266617
1.1117887873082957,19.123585811282872,8.369497536232643
-6.195585288814964,16.555255549695197,19.067738545787748
7.989686901450732,-0.4400942496486273,-19.31951688680655
6.872966067663867,-3.649887506040667,3.4672141668677803
-17.869603619967695,-2.0973064146708253,-17.466074584646492
-18.830956655015946,1.2637403534560363,17.162875283570457
-5.278888148351868,1.1001101984859858,4.382900616793265
-0.3728273465770293,9.044493420257904,5.1978782807330575
7.327422619251088,9.328988684093574,-1.3034556551530763
2.756922075730145,-16.54151555621587,4.049576638152338
-14.686337101777177,16.832094902898213,-1.7262698965058867
-3.445584775076142,3.6952073556841434,13.85916295238875
9.33421905214309,-9.68054389790443,-1.8834203074798168
-2.5423825676901366,-3.453743537934674,14.746907383077648
-14.76058285267802,19.14634804469773,-11.87158834068474
16.84416123569777,-10.171246292010498,-5.344798666439733
-14.276250686228336,-9.662421630163273,-1.7378115094217748
-3.7462162449158214,-17.619969416494573,3.0609123284535613
14.66936747227436,-5.260742214151168,3.1980072132531276
-17.81750315982641,6.637096128277541,16.897370430337006
-2.107000658204278,-17.324109817310543,-5.848535928824589
-16.290464209636703,-13.918664005576895,-3.3797128907791034
2.6017393659163943,-11.949321353110939,-13.087539483016947
19.796792614699264,-5.873804145297772,12.991825171984026
-14.368426102597347,11.934499871606505,6.479907018341432
-2.2205198064438108,8.997178520362176,-17.1842381400285
-18.607709701459246,17.573020402851533,9.409805401939494
17.950171597818738,3.701540365631356,8.066852207031712
-3.307773378044004,18.467987507330584,-4.084373139848715
13.5980057645571,5.463239536140385,9.590121108248102
-10.507970102528223,12.221213899149205,-0.27083511164958196
11.82344868521017,19.561161649094217,8.195271159516672
19.758097024251953,-13.011711704079453,9.846922764068992
-11.881762581703708,-1.5644711870970518,-15.61997645252771
-16.018474177057982,8.680159689160867,-7.8421125224133235
2.7012074340056387,12.654083322079302,-4.690676569085266
-18.621094417450085,0.15125240340016433,-12.091068917938944
5.980344950790794,18.173716294339137,-8.013735759506954
-17.339163945047986,-15.788961849552297,-18.01580736496097
-18.3737125020871,-19.051695746213,-6.758560678172664
11.663708966740796,12.869068436998838,8.772729787543483
18.648831412604927,13.360620624234699,-13.29528660931147
8.590188613648184,-15.066568350971767,-15.475045082839824
13.610313479658515,6.870774197226904,5.1381003119546875
3.8665349426952176,-15.317324124602468,17.177973251692976
-11.61482722659863,-15.223507447715253,6.665828019389156
6.393450425318665,14.405926648514267,10.11212701043921
8.42908584267807,2.9473492736639813,-0.37748353786524547
16.622483225678494,15.442775353702082,15.059804068346054
13.138733301010262,-15.393088715594644,17.640253768583932
11.186524682444077,-13.455207242016463,9.034056110866157
-9.467797933561442,-8.031616215100277,-8.752667422092419
9.540963478734117,-8.750342078499722,-6.701752792145314
14.934173717131934,-17.61400502294824,-9.836454607974115
-14.16395670179587,15.885426773765268,19.752689572038015
-0.6609296348768154,-17.69697617568845,13.59591946544547
18.17832688682111,6.516185886706111,-10.231972470251494
6.38448773657521,0.697206668836067,-12.452421391044366
-6.986009254483045,12.914060094617014,8.915768905427864
-0.33796213869072034,-6.096498341433737,-14.94584447491067
14.95144349150123,-5.5532053814569835,-17.083943027352916
-8.314273385563338,4.451340360612193,-14.374538497554333
-10.349977697843876,-8.994806090467865,-0.8016080350712755
-1.0601879861017238,2.283061060350164,-11.77274134768481
-5.795645464614601,-13.602754541888743,-4.745524938652981
-3.43092714182211,-3.4667677044881557,-19.441119278150047
6.187851593306021,0.6439204549511572,6.152385884692464
-13.387129348216092,3.1239868820391656,-6.982716028641512
9.168632409078171,-8.532917197674688,-17.831144295800783
16.67469547827266,-17.78414168550023,-14.501030042661128
-19.48980208900741,18.316591390812363,-4.5283004971566765
-6.232366919836263,7.523128135504361,-3.626802767737459
17.20696548278263,0.16176488803419886,18.200099218590488
4.096508022506143,13.027906568026758,-13.682720304894364
-10.187874433417065,3.3869418094173795,-3.1007352971488444
-16.698410000148478,1.6071998216898606,13.198732067758314
15.51868735179687,8.492358650490281,0.8629152207402342
3.2624099303419776,19.847979293053868,16.19213044284556
19.598972208562536,16.195978011085813,-3.1276545922717283
6.980662201938298,-3.648046848119467,-4.342352911279374
9.910512084756064,19.618017838152873,2.5071219704038405
6.873758205464906,-5.588129486999387,11.751194804772382
-12.791137887070407,6.750234455213334,17.537033189407964
-7.677300564469899,-2.496080446389989,16.351965342718522
1.8929141188430307,-4.836239510719494,-6.951951482947969
-3.597120387089955,-10.331996182488732,6.427204967132365
-13.780340252723452,8.191014028442304,2.714291098852769
-19.199836558583733,18.176929106271935,2.554100543501235
2.3588842321302295,11.587048690075168,8.886785719034958
17.972833793395814,-5.664509168902878,16.68698636127815
-16.75367562443688,6.344574654489335,-17.918256626298927
14.209806417031679,5.991926475458111,19.43779845286398
1.9769592258365591,18.460396382376707,-16.191404481135663
-1.890151319442495,-7.939452095709516,-0.5860273244745713
-5.033232165233294,-17.16963611917069,-2.023991418450475
17.522426607201695,-14.237395146899669,-3.4168853118711553
0.5707774029962778,-0.4800647819587951,15.934182687174953
-18.634934772315034,3.3033806015342364,-2.396581134326624
-13.332752165969808,-8.454787849406804,-17.263172427060486
-10.11761501109854,-16.226819000275533,-16.16705760906003
7.169679050467558,16.979053567483454,16.07710787556539
-6.286270296256703,-13.827482394764088,0.9100909562518495
-3.281687928911296,13.926211333324233,16.227167663207716
-5.094047659380735,3.7586957368641727,-10.147312266930154
-1.7759174536150297,7.057208707163415,18.23435700900604
-2.189299504999642,-10.44239227380527,10.323304050850655
-3.845570033277049,18.320840276226214,-13.291721654252466
-11.238828302024002,0.18902880100046104,-8.97548285957531
19.43260321546085,-6.202050059000257,-4.233329568661585
18.050023642577145,-12.194100645684681,1.726066862972253
7.252763264401786,-4.784787844073758,-18.71830256967909
4.905319157306497,18.132813002034254,6.199235732825006
-1.2643339910226423,13.894025338714194,-4.929695256139443
-1.8302787633940838,15.180683064085812,8.315432561797241
13.748029703385768,0.15603686428915964,13.967062436359598
-6.3678628398411306,11.400619847403352,12.749848124965183
-3.055059608954629,-18.355159111706442,19.483397652430078
10.265846432238046,11.576147772335336,13.83944939517464
-5.665194454605032,-0.5295448470605137,-4.892070073340982
-9.513872322052359,-9.306274858446852,12.890560014438542
-7.189723294334014,-15.609127756107375,16.438128595670122
19.275224967334964,-7.3924822865657305,3.131071630408485
13.999409749825688,-8.110376710452321,13.348991629618332
8.993126300441475,-2.2788527676404335,-0.6085153185305892
15.218151530516614,5.778816537958651,-3.5967108061511794
13.074168222019146,9.221925826775003,-17.8352233951627
-17.263507223960673,12.163411574647299,-13.810245926335206
-17.390213381153874,-4.947054797355136,16.640579001343305
-11.390623453335706,-3.7663587632728763,-10.974302124047615
7.696843944539342,5.948705065728809,-18.55774381817893
-19.65780134091469,-5.812261537361053,9.815171575276032
-10.783875715815592,0.5884170578260424,7.24220649777228
-12.134784420958145,16.000338981662686,-8.73754758820029
-19.84927277765781,3.6712487215139866,-19.548790378881748
12.984065389604154,15.803054265511925,12.555864105973683
12.525935286213318,10.656531036017448,19.95051420197092
19.30839603365414,13.38270276054687,10.812406010589285
14.906477849794733,-2.8772419391965265,8.6454506751403
7.849502767031986,13.718473628687534,-2.8211496562100393
19.135565989803865,-18.347271434335426,-19.3211813397218
15.292347010540716,10.225268101868448,13.152491833845268
-6.318518765646232,-4.522426813867927,9.782893748870144
-16.960834309229924,-9.885032859614874,-5.206281149513256
11.067107632037498,12.92178501352872,-0.20285300976372866
0.8854330717585732,-16.58988691198811,-0.7902827525710094
12.214453938608244,-19.80211607268698,15.801858226131486
19.402862857496288,0.47228785726625944,-16.575233155205193
13.833612116827638,14.679911332986883,-13.462477206601115
-6.351905694463227,-15.810194155241692,-12.852204913634658
8.602542002547903,3.8587969704165737,8.182331539649557
17.7577879513166,14.05388678698872,-18.835090999935012
-2.753319778891644,1.7096978070121907,-16.317508101121202
-13.364547451639632,-14.884792787555252,-19.526907563210997
5.330834427715743,-0.004445778647436782,-5.480637566746264
0.7401891582377189,2.0530948956553594,9.081723106339268
-19.294648809344114,7.593943773882707,0.7693089399419542
8.007580319474318,-6.7643393049021086,7.020250322170472
1.3070636927996304,10.179800172904482,-0.606005817889212
-0.30698312560107865,17.02188116004872,-19.932730532172425
2.249070280880865,-10.207688937180993,9.748686051287663
12.088133305707501,-19.071519931044122,7.211893333641402
9.5217986503797,4.8890250138869895,-12.69039331596828
0.9811345904368522,-15.01968838255927,-17.140370203357765
4.670701514255722,3.4890492218211833,3.592990565113716
19.920544945753917,19.11401813437827,12.313202728214925
-2.321364889036598,-14.451773290268548,18.163987533672156
4.691655444618771,-10.509502659565047,-18.158694021631998
-13.436738476909031,3.782197047030813,-12.665175354726088
-2.9571841856482024,10.595965822785573,-12.439211583266282
1.5956757526560814,-9.875800309384491,18.341287911840098
-5.550655167680922,-8.051465327646232,-18.66611837755154
17.250246178267254,10.968776921312347,17.675807320598835
-16.261077101884823,10.653886940517534,-1.9557039896247694
7.881331315017395,-6.124785662116832,-10.885522504498187
-0.2108982687407277,-11.953112227089493,1.9788955522937215
-1.0129180849065023,-16.688205922305904,6.635574444733848
-2.3512341163548847,16.46524462283199,2.441472892619938
-18.023864611658947,-16.497707870651052,12.023168132118911
-13.551520103331534,-13.332030555698626,15.080090398047545
-0.002452295895054135,-2.0291325878638844,8.284699882837202
-9.028018240607828,-0.9209620722081979,0.9776452583673176
4.161964170657029,15.846652617292428,-0.01723996789849025
-13.77501489051101,-3.8685216579038055,-5.327483286092299
-13.071626065098613,-12.796253756879956,-15.0831209852022
-7.300875368740858,-11.978466771483752,-19.69087136642731
16.76760678361466,11.90703478149225,4.51646227769222
13.103903130465099,17.619483714967195,-16.973445996297926
7.426093315426815,4.368920061992068,-6.254733937466025
-3.768599145524945,-19.503076479009913,-12.892994782065784
-4.435034860689706,5.890320269863345,1.812533959353182
14.000894699391694,17.422877380654654,18.384150132170348
-13.801059414854674,-17.82509679105184,-6.338320753654649
17.267168237402956,0.17129809577863142,-6.075938406044505
5.627662109977543,-19.276976390182288,14.743164206285499
17.84994102588894,-14.372929267328862,-17.29017109681363
13.204123490149335,-19.296679927600668,1.190768879391797
14.799085799993755,6.545536516605807,-12.593438777374718
5.3647207907420515,11.744007111099705,6.040360254527904
5.227257267723637,3.5752045469095286,18.901453467126437
-10.445289324523266,10.458377937071546,19.018824185248533
14.93601901587639,16.185636931852912,-3.5391421517867414
8.931427292806916,-18.37116547662888,-11.46995468386315
1.164276582237946,-9.391036603629752,-8.292907532474732
-16.67388889203407,-4.544402219206649,-13.850682240576155
-17.161343253628498,-14.78330706018876,3.313855098249441
-2.658797305961535,2.1812083597801575,-6.8852659212584655
-6.944228571488743,-8.570161845201776,-13.64302561171371
-3.478738843665859,-10.734411766518868,-10.870018736719565
-19.90241565268637,9.698707443153264,6.288346035962135
-14.045430598216196,-19.256021583113764,-18.47829993454134
12.511234846514185,-10.696690164818904,2.5492446031767635
-5.835524380748684,6.835156140634773,16.00469152303009
-16.158214307712555,8.624180255237512,9.625957377219269
13.907637531470257,-6.300419707698136,-4.747438569661529
-19.89857503122112,-3.8810403107084745,-7.94742902392413
-7.481810159346498,-19.075690974665598,12.302166596455876
-10.994755703803246,-5.966476643704709,6.12584468161274
0.353885327141473,15.30915835921111,17.674113302444432
14.733881262072913,2.166369631234474,-18.21290612434678
-10.33236678555349,-19.28205614590191,-3.1540498455746793
10.90481157553345,4.316249683449978,17.303068127660957
9.955770298346515,-3.032746722722152,14.701522259194505
-12.861125053038318,4.723260262077837,-17.2750368946349
19.11320993665597,7.468968989648705,4.099243454714319
7.247466668502373,15.99303354254699,-18.41048723410116
-2.1820624012752,9.893243077872334,12.960036276048392
-18.922730514424483,-16.371759063869824,-11.842656782126273
-1.7574143763058174,-3.2389140334039332,-1.3208923878062677
14.021228185480311,-13.607913418040795,-13.258108769253262
14.498585371678828,-3.0347949202537734,-7.407296860138173
6.334002358862904,-15.631214087354026,12.483217578498682
-12.58963311211966,-8.867990895486217,-13.03223759431222
8.404816770105704,-6.747812358524325,0.8315712243300695
19.246177916904244,-7.317406458792668,-16.489689336702536
-6.9137078823256015,12.130190894169573,-15.02141997929208
-0.7603504178648244,1.100828685304407,0.5995365909843677
-17.382292882882787,18.279379678952196,15.842898080638712
-9.573094152288114,8.685947009330604,-8.133497470419329
-7.158768127037444,-10.147305039610721,9.397038535495923
-16.266250578657196,-8.342032465606808,-11.053858312320699
9.047493407319305,18.474980546954562,11.581600334078356
-10.818770490720478,-5.001273379572616,-1.676198463942427
14.38220484962963,-10.51029142287975,-9.140916573824276
-5.509837950905903,-19.862004556293527,-5.898309119732787
-15.4690130019591,-3.4171342449004847,7.59551072064918
12.400272156784489,-17.05200928113864,-3.304785412910615
-17.389718207300927,-16.15837435216759,18.937417594222623
-15.103950383749897,1.538663649354799,9.16055925609097
-10.571065578596116,18.751616285110856,12.952397440395266
11.584505204405701,7.639770510702167,-0.035284584965673105
17.01105231564094,10.132383943790696,8.341369238358247
-4.425917536893467,6.495712852983093,8.753392651145816
-8.535027265039403,13.619818328263072,-11.297511528411759
-15.305518423727369,-19.970691651824893,15.389807563464217
-4.458365593326722,13.218078404944627,-1.0752196454728882
3.6933383111680556,7.025415598125061,-8.845142524828287
6.469736346130652,15.05084315508735,3.500059659469393
5.445755427266498,11.58822906673295,14.262969949007768
19.22266611460885,18.117508369359527,5.623543654452668
15.053417906759748,10.049596735046983,-4.623855634247862
1.5547591872206787,-2.7027011290627314,-11.760056239126474
8.787907690630853,11.515676752281205,-13.64496393000839
15.371932146145603,18.55259150787564,-12.695879288021121
16.340065382311067,-15.144174920138314,8.369521434378392
-14.21271930372518,11.903930374388914,-17.71259961967963
14.610310731698604,4.065555868009952,-8.091081813550627
-2.3574651777548823,8.718716618620238,-7.022460435184943
-14.755087744025733,9.238001616179659,13.644387903172081
14.345752414007919,-14.00566173457519,0.32570371393141073
18.60312010984906,-16.138436117945346,17.410162065263023
-12.504790130435307,-19.748746868307883,-11.934016556807471
-0.052362132939109074,12.26062629417094,-15.383176944592115
1.2710965860114882,-16.20460885198131,-8.931601788187562
-17.46440256366337,-3.157575975447827,-2.1751792619674646
3.943974640269804,-3.3243657048548734,17.75655844000329
-10.988154152878629,-17.03228857853418,-9.204798530415971
-0.775720655745058,5.462837067206365,-2.0026125515526587
19.568758224427846,17.447816503481874,-7.814250782133879
-11.633243699429897,17.083384738047364,-16.656260484939093
19.66350962916745,-16.186579782160063,2.545636091853588
-19.72499129905205,-2.4775149970178276,14.187628747452258
-5.193951074519703,17.021171953000966,-9.647915507853956
-3.6715115277902335,-2.370240430264584,-8.991614230743558
-16.60281362187937,2.8425232137576373,3.2927353836248585
-3.718252383407968,-16.8062959892924,-16.770884830273513
19.439347162710384,-4.13907912598987,-12.783031213886197
-7.755696132906911,18.04350850632985,3.3929644904774463
-15.765837871431184,-13.277027090738907,-9.35210258513088
18.27506138810221,16.95091263351823,19.871207790397335
7.39406823985377,-11.411930815999526,8.154492727850425
15.087550722908198,-2.1526509275566816,-0.8575235945025774
19.951490102867815,0.989688742447079,2.8164728224746938
-9.301814891923058,15.075315089200942,-4.336341420117552
18.220118687328664,-8.402700976440517,-10.942382453430483
-17.39591564399696,-12.189952776088537,11.808830684256556
11.175974635835814,12.982684701309722,-18.53854629973716
-6.787133883171865,13.930776161641958,3.3934326133109565
-18.564551247443827,-12.085831821639834,-13.455862497721887
2.357713319411804,-19.743915936913204,19.552660518195474
-14.032518184994803,-1.7873976945014256,14.190020579622718
17.61729473035816,-11.41984895475845,19.094794182703062
7.678075452565054,-1.2063717973979884,18.249800062402343
-18.802337805313808,-8.768514416745665,13.548966970810831
2.8534184151509123,4.453165520757739,-18.236279679016256
19.797946429892995,6.412941187628771,12.857923303112521
-8.827126061873338,-17.14332845008672,1.5580317492496967
6.7355389951231075,18.925609850079454,-1.4212354757693255
15.190111002171165,19.676756392437753,12.405187349109276
-5.0125562356872155,-7.156793967268641,17.373209464818224
17.1568115196603,-8.342684050595391,7.388356327947726
7.477997157265925,8.88456452147485,9.064829722123132
-0.2268182086122721,-10.830353509458313,-3.1997630259981804
4.4469161008309825,2.1066398295642372,-9.048661344368462
-11.764538266904957,-11.465192244717034,9.97717146498562
-11.691769281852968,8.071384301133754,-3.3409073562754372
-19.746602967302497,5.980360823162783,-6.8635908862622586
13.745564944057108,-8.867290894171877,17.7952993884023
-10.971763882639532,2.2622891819565503,18.21835913808443
-14.866340487133773,12.624432787519154,-7.4648745397684415
-8.20637514864925,-12.0559222461873,-9.353614063049719
-14.283989997424484,4.493156522598515,-0.28446828636539934
15.207908982008036,-9.654710339780221,-17.03477151047715
4.980256569731893,-19.90374710674474,-5.713679642454181
4.8432059195361035,-9.46537837281153,-5.128106877093636
-5.583011067072196,4.968638522762735,-19.822385083416098
11.621337951908966,10.551975846164353,4.962577017056141
-17.854030913359146,-18.648099700092086,1.5512102264233576
-5.395356374780725,-14.36463005675745,6.756688376970054
-19.87399682516386,17.254972128571005,19.703361893086957
-0.18266729919716695,13.987549608195408,13.418875486605721
0.4610129050576539,5.6115639977070195,-13.792676189045503
5.440010273645193,0.44692228247618715,14.708292099798868
-18.221364195279413,14.501935034179482,13.494757531544465
5.356829608845558,19.81778032594824,-13.155037244440436
7.100409651791402,-2.2616819541948274,8.987276240912749
7.205116658892187,-13.954119375876143,19.10762834709616
-14.687591258915731,-19.48007236064416,9.200053452571982
-16.876959026182845,19.98274925271727,-18.89588420024277
16.609281963432196,-14.000939103587339,12.343255663861477
19.939184424617302,-19.944708279639784,7.066139448604311
19.07113142982203,-18.122744112922522,12.011236104920656
2.7225132599180455,2.9386283849238453,-0.6304354944557176
-6.837053619933853,-6.9250555101881694,0.8869489343676307
-19.989803311640042,-9.687059141073533,5.563581998959478
0.5550385094045431,17.850830044879743,-8.135015541119657
-3.2709639222223252,-8.340061067788188,-6.569155180998294
13.137680845850198,17.636170964426796,-8.633892417970657
2.1720646359449134,10.72068532966825,-18.80974550259543
11.162696340262649,0.19369724805931554,6.1250245329480215
8.058214383670794,-19.613602830070892,9.420357360955265
-17.781598575223263,-11.498065562862108,-19.674199944464874
-17.542898851933558,3.8781654876118807,-13.841184317596507
-14.754762347748658,19.328697903141325,-5.5673247458561335
10.41894409419415,19.315791905205245,17.13777250166443
-14.939156231971555,15.810386755737397,11.297471381011345
16.473658170355378,3.6141284015124917,12.651987515044958
-1.730918692400305,-13.121468528631874,-7.409532018062608
7.021264310242934,9.757430324034097,-7.2706552211214195
-6.250752129221798,15.296833537336461,-17.909975915985466
8.41833772717695,-10.838418849184247,-10.104909378141013
9.60513941218774,-18.727449793247303,-18.643913352455115
7.159555946808865,-13.14623313637898,-2.3135687798414004
14.328144191747889,-19.678715208777703,-18.035248571821327
18.752200657355672,18.132670949294862,1.0648733169395967
-12.332158068061458,19.826931906318464,2.99061166059127
-9.2143155209628,-4.788030599239445,-17.47200194815725
-18.78423383717245,4.3151677526805265,10.950433350970812
-4.975456068787928,-3.2635589423750524,5.230574409733144
-4.817591329510016,1.9123811151027006,10.199371873128968
0.44276615747853754,16.438522039965456,-12.462871890467738
-8.65766822748629,6.450217542474949,10.757802437791149
-11.829372895828246,18.94783799370076,7.1484459316365765
10.60772623409147,2.0904080700250987,-16.514882176498723
5.3840284208889315,-17.288091298109908,-19.872030945085374
4.395156418039669,-2.327850366552461,-0.5330559323482156
14.053279823893348,1.1187340241963852,9.074520923011036
-4.528156287168352,-1.7832622692540383,19.92642703309202
-9.274169032575102,9.373152194416082,-19.161211404263895
11.589450741549257,1.6357355751513616,-4.597262180067144
-9.57701239614714,-19.12957336952949,-19.99230100148603
3.7415753709273005,0.08725123289183401,-17.971133159346934
-5.4568879113433955,-13.45366884767718,12.80208164047253
1.0200888502283867,-19.71922040053847,-17.696090369888108
19.66394502294937,9.04170400481954,-1.9057299660692024
19.83731844924491,5.283304524299105,-17.81724327139337
-18.47505455489289,-19.65468170424058,6.43555685994685
-19.683370720957846,-9.818906673737914,-2.124328540263125
6.453702946371401,-7.003525984408743,18.815694272045114
-19.60139882977769,-13.932233335211706,-0.2560137611563533
7.97104353541496,-3.0210084450175856,-14.904697787408372
18.432561892285598,-17.94362867318253,-6.202958316577622
5.003000516773138,8.36964537325391,3.5229637715622033
-5.980418970590499,-1.7236256462357211,-16.735027806356705
7.643391199401606,-19.92541252744278,-15.113548129304078
-19.274896073545168,-8.929695165339222,-16.362985486611713
9.204662702965326,-17.059838897174554,4.410822960963557
1.2937433311072937,19.637172545183297,12.549770799524168
8.66460140196244,-19.780999465855537,-0.9647540667990668
1.2448967408389642,-8.665601010215562,4.772470353579369
9.280090124499832,18.732759573209826,-12.74059972849182
16.481215991493706,10.681153629904987,-9.850248262049002
-10.105306620176222,7.566794596330027,4.639047589303935
14.257807557727993,-14.943454629355934,-19.828330072757314
7.1549984038204855,5.876733422734123,14.221978765474773
-14.740377001387198,-9.38739029528505,6.185142867409073
19.451171275962352,9.17072264676817,-14.091383154302246
10.282316478834193,0.5703573399668791,-9.937904294177876
-19.198570426223576,11.69880057340885,-17.9310916421078
13.128003876750242,-9.361088214873101,7.622698786434782
14.325253312632313,18.947281680052235,3.474906002840644
-5.797680654244942,11.455160839951471,18.997086720314996
-3.7462112990436793,18.950016843684352,13.821472651766008
18.857312109138064,8.439570741118523,-6.167260342917302
-13.81335151329492,-1.8820391907704028,18.988413212350373
13.512617353157069,-13.798047274302942,5.675652238509951
-10.276432802459293,-5.863911250711729,15.588046402395094
12.060068270723775,-11.753009655378616,13.054659987440253
-19.36715536420509,-8.325005846766164,17.924570389782417
19.919692601013416,-1.6143751577903558,11.276268145641897
-19.399090110296736,14.359599572620894,4.208774364728683
19.552959448538125,12.687499426988616,-6.9876213660726485
1.457642724506485,-5.767855338482942,-19.26321205055224
-13.197084654440726,-15.478245459772051,19.43448850531898
5.232321740201876,7.900598034107908,-15.93060080215793
15.804526331951358,-7.464026852572086,-1.207859022499278
-17.70344462193807,0.5746969705662011,-6.726214743119826
-5.393913297306341,-0.12075097197105222,-12.401101372407695
9.067981855518887,12.821968367304784,17.739633367681577
6.013359144537915,-13.435433542651026,1.7910962392558538
10.1240237708475,-4.673926370097966,-6.825196662944716
9.418990581859287,14.26299654027688,-10.362532216461195
-9.494674994622908,-13.380261618899736,13.75133384240656
1.3574230172657984,-0.9548831884161224,-5.7474850741555485
3.3536632862011473,-6.724816436951574,0.08261743208167616
16.5810148367335,9.83295670969937,-19.957895121671065
15.543492062357494,1.6244403843194064,-12.821238042848133
-9.533223092737003,2.284568622283558,-18.150456017973333
4.125922398605315,-16.77325939079806,-14.927464108369723
18.15066626346772,2.601690199607731,-0.5035750178366385
-12.177617702520433,12.257400578928738,15.586014165099598
14.150698075408016,-3.2283884815442896,17.41285881284994
-6.360247417874421,19.437545042377387,-18.60064998861665
18.675462037459752,4.6589484908016345,18.40175193301382
-9.868737363069023,18.500263833166002,-0.4825675168095067
11.727174869502612,-18.795294115364648,-14.456375400177336
-19.295055051627017,15.905904501328607,-17.77814801681402
-11.350094796741956,-12.964699372557007,2.7680910604445756
-11.274439499062648,-13.88171401137063,-4.768547325470847
2.5505811513949723,-5.449084628354406,9.41807707245082
3.8270096871428585,13.095384330911159,18.863488741010116
-12.91676321068477,-5.736731339733465,9.963333861246937
9.785054405140585,2.034191277626544,13.39463637669484
8.418123569969733,7.3386773776896845,18.909073979181493
19.736094441861283,-17.448676959964786,-10.566738334412022
17.945731407098734,-13.898356687144569,-9.415109170898095
-18.597081258340474,11.314332189714051,16.901975257750095
-11.125271235899286,-16.99061020359273,11.978566829136817
-0.040736965934229374,-1.344697806298111,-17.134852741140918
-10.417331900499175,0.12427563120475682,11.98334643157304
-18.822073006941068,18.274672397806754,-11.177607032727103
-1.2101162931958989,0.7190215281589261,19.623599697988773
19.31732589928609,-19.56864144010147,-2.4759333468378273
0.7231152152924061,-11.410744396321814,-19.27792372492203
-2.2972198074266714,-10.254621689284932,14.664543126410372
2.3064030990479303,19.726816895392865,-0.792155433934866
19.635924088876372,18.58487997888504,-19.261097479707114
9.433986763351982,16.206628919293735,7.923770661349611
18.52580407058111,-4.768782651681057,-19.80093108761185
3.853035917254431,-7.956588767399797,-12.15277429894667
-12.28496943609799,19.94510344319275,-19.838026713189766
3.9460788558576354,-12.516454478539348,-8.176236088115596
-16.097398669946003,6.234258128311666,5.680994620983803
-13.652442300579178,-15.627499322610113,-11.984366097050167
12.539926651587962,0.4794885285156596,18.90848768431038
-16.046274013691995,18.71383644873473,5.178696206793045
8.486985756354116,5.346116660962661,4.2483281955951995
11.812774526973783,-15.995102920324653,12.86656765696496
6.126118426241895,3.6805902294973336,-15.348803856807338
12.23831250009708,-2.6457047082493865,-19.489795306186018
19.43598639801602,-2.3599533716085617,6.460480653356232
-4.40980459204102,3.18188941430882,-2.7041269280537037
-14.989040484960334,14.896572883960388,3.0383076674493417
-6.138811270927981,-11.588684353706512,18.807006616365143
-13.97659663060364,-7.009674637770642,14.101518789255245
-19.903279796318067,12.88335210018598,-0.007453762833755206
-7.546184557179636,18.56023710415917,10.104959589155097
-2.680259075465081,13.337763608155832,-19.844059856872338
-0.31175882145454636,-3.2860128935509927,4.219023171939686
-10.658777835334243,-19.840301333859042,7.391115847028175
-10.627169012477896,3.6094760474011487,1.5011717846756198
-7.5410918345939315,-8.564428768800635,5.1115482980535845
-18.922547857078854,10.600426324112586,12.253494480916153
3.1417766098028252,-6.95007345667733,14.957661155411863
15.4448751980416,19.771256327143703,-5.494975946726477
16.662865016381744,13.706959395156169,-0.052766347396541846
-13.06931269509957,-17.454519434327345,0.5750518943739564
-19.759950223864394,11.886468380664049,-5.455191935226736
8.85514639245126,-11.65245835755266,4.2790983412018235
-17.958745226320282,-1.2801777890190245,10.26961365711923
-5.453840581814751,-4.822913327420654,-5.992669662367426
-1.2457729796571897,3.838127359656056,4.364280909516822
-4.9942710814949365,-7.34484563463794,12.892631631901807
17.166021297345686,-19.879402651551025,16.121299197370163
3.8618358474406875,-13.432990080687453,7.263037279433707
2.454925519624279,-0.1683393436595857,4.540160611923522
-19.844298565188637,19.6198186517206,12.756553456227827
-6.006611479166084,10.950208241588697,-6.200142494291395
-9.198823206954682,-3.0908555245274982,-5.046145187433279
-4.362738585547245,-12.174271114717076,-16.39195451234837
-3.70542500831921,18.86991967801056,7.658452538623344
-4.839844070836401,10.778580451414598,5.4347187705224655
1.9879877772207308,9.330895131027773,-12.566875110687462
11.049288843884217,17.44401525296705,-1.1320465516829685
10.796098542564994,6.4195385767061985,-8.080697242487114
-8.019892908379717,2.0962600076618543,15.190401147884991
-13.502636744802942,-5.116227994381038,-19.662945125967862
-19.639888815427412,-0.6429476736470754,1.4560085183477085
-19.976730243145226,-17.16840568281122,-2.889441558594676
-9.416294319783809,19.17462539773937,-7.224519576072561
0.6227193003782041,19.784622166781816,3.587606391898891
14.107700667935774,15.787428192538215,6.18410013324068
-19.493844732283947,-4.413238337569126,5.1810293822588065
0.6286524077812352,14.227182844037088,4.159859509671804
5.626284741341404,-16.922549527893228,-0.3823330363237609
11.09670177678549,-5.952393932831917,10.071414614331424
15.640245383290846,-3.6432435267801075,12.715259547382253
-15.375685899460422,3.034491694744151,18.658180402905572
-13.438448662217578,-1.5697861319991304,4.55332264628953
-19.292585861395274,-18.821433592466636,-15.24292525105842
2.885050452244325,14.605205551349727,-9.361743270440437
1.0600555426299287,-14.056087624078128,12.154625830026838
2.1603800339263373,9.509631525345362,17.519622367248296
-5.839528029520622,7.983596293399788,-14.391091532305659
-7.868218590149162,-9.699708620968387,-4.775912841938808
-10.329751843161134,15.807575427181042,17.24736698351944
-16.168795029723874,-10.477292448518387,16.438401353737582
-10.444030921307391,12.913898151234491,11.443893081481043
3.6114926723446708,-1.430034021431915,11.231769896358724
-8.4811737911445,4.46328716393473,7.011115790082041
-17.83276619141143,-7.793763557952001,2.079295650082102
-11.192077118426504,14.170545192890756,4.524800969348931
-13.15485496484991,5.702910213909071,10.942509639622692
3.9675885906638406,-19.81815409047082,6.340678541014995
-18.688827946436916,13.456534150240564,9.1313008864254
-2.763693113780956,13.539764531037967,-8.923675011634028
